"Delete Link?";"Delete Link?"
"Are you sure that you want to delete this link? It will not be recoverable after being deleted.";"Are you sure that you want to delete this link? It will not be recoverable after being deleted."
"Report Post";"Report Post"
"Report wrong post in a topic to admin";"Report wrong post in a topic to admin"
"group_activity_advgroup_event_create";"Event creation in group."
"group_activity_advgroup_link_new";"Add new link in group. Add new link in group."

"Group";"Group"
"Groups";"Groups"
"%s topic";"%s topic";"%s topics"
"View All Groups";"View All Groups"
"group";"group";"groups"
"%s group";"%s group";"%s groups"
"Tags (Keywords)";"Tags (Keywords)"
"This group has %s member.";"This group has %s member.";"This group has %s members."
"Choose the activity action types that you want to public on the group activity.";"Choose the activity action types that you want to public on the group activity."
"Public Activities";"Public Activities"
"Choose All Activities";"Choose All Activities"
"No links have been added in this group yet.";"No links have been added in this group yet."
"Currently, there are no members you can invite.";"Currently, there are no members you can invite."

"Currently, there are no friends that you can invite.";"Currently, there are no friends that you can invite."
"No albums have been uploaded to this group yet.";"No albums have been uploaded to this group yet."
"If the person you invited decide to join, he/she will be automatically added to your group.";"If the person you invited decide to join, he/she will be automatically added to your group.";"If the persons you invited decide to join, they will be automatically added to your group."
"Invitation Sent";"Invitation Sent";"Invitations Sent";

"You must be a member of group";"You must be a member of group"
"before you can join this group.";"before you can join this group."
"Parent Group";"Parent Group"

"Delete Group:";"Delete Group:"
"Create New Group";"Create New Group"
"Edit Group";"Edit Group"
"Delete Group";"Delete Group"
"Join Group";"Join Group"
"Leave Group";"Leave Group"
"Ignored";"Ignored"

"%s member";"%s member";"%s members"
"led by ";"led by "
"led by %1$s";"led by %1$s"
"%d member(s)";"%d member(s)"

"You have no friends you can invite.";"You have no friends you can invite."
"You are already a member of this group.";"You are already a member of this group."
"You must be a member of group.";"You must be a member of group."
"You have no users you can invite.";"You have no users you can invite."

"Delete the selected report(s)?";"Delete the selected report(s)?"
"Are you sure that you want to delete the %d report(s)? It will not be recoverable after being deleted.";"Are you sure that you want to delete the %d report(s)? It will not be recoverable after being deleted."
"Delete the selected report(s)?";"Delete the selected report(s)?"
"Please select a report to delete.";"Please select a report to delete."
"Go Back";"Go Back"

"Tip: %1$sClick here%2$s to create the first group!";"Tip: %1$sClick here%2$s to create the first group!"
"Tip: %1$sClick here%2$s to create a group or %3$sbrowse%2$s for groups to join!";"Tip: %1$sClick here%2$s to create a group or %3$sbrowse%2$s for groups to join!"

"Close";"Close"
"You have no friends you can invite.";"You have no friends you can invite."

"&#187; Photos";"&#187; Photos"
"Group Photos";"Group Photos"
"&#187;";"&#187;"
"Photos";"Photos"

"ADD TAG";"ADD TAG"
"Type a tag or select a name from the list.";"Type a tag or select a name from the list."

"Delete Report?";"Delete Report?"
"Are you sure that you want to delete this report? It will not be recoverable after being deleted.";"Are you sure that you want to delete this report? It will not be recoverable after being deleted."


"Photo";"Photo"
"of";"of"

"Next";"Next"
"Prev";"Prev"

"By";"By"
"Tagged:";"Tagged:"
"Added";"Added"

"Add Tag";"Add Tag"

"Quote";"Quote"
"Edit";"Edit"
"Delete";"Delete"
"Share";"Share"
"Report";"Report"
"Make Profile Photo";"Make Profile Photo"

"%s total view";"%s total view";"%s total views"
"%s total member";"%s total member";"%s total members"
"Last updated %s";"Last updated %s"
"%s advgroup invite";"%s group invitation";"%s group invitations"

"This group has %s member waiting for approval or waiting for an invite response.";"This group has %s member waiting for approval or waiting for an invite response.";"This group has %s members waiting for approval or waiting for an invite response."

"&#187; Discussions";"&#187; Discussions"
"Discussions";"Discussions"
"Back to Group";"Back to Group"
"reply";"reply";"replies"

"What's New";"What's New"
"Last Post";"Last Post"

"Back to Topics";"Back to Topics"
"Post Reply";"Post Reply"
"Make Sticky";"Make Sticky"
"Remove Sticky";"Remove Sticky"
"Open";"Open"
"Rename";"Rename"
"This topic has been closed.";"This topic has been closed."

"Join Group";"Join Group"
"or";"or"
"ignore request";"ignore request"

"Post New Topic";"Post New Topic"
"View All";"View All"
"These settings affect all members in your community.";"These settings affect all members in your community."
"Groups Per Page";"Groups Per Page"
"How many groups will be shown per page? (Enter a number between 1 and 999)";"How many groups will be shown per page? (Enter a number between 1 and 999)"
"Maximum Poll Options";"Maximum Poll Options"
"Change Poll Vote?";"Change Poll Vote?"
"How many possible poll answers do you want to permit in a group? (Enter a number between 1 and 100)";"How many possible poll answers do you want to permit in a group? (Enter a number between 1 and 100)"
"Do you want to permit the group members to change their poll vote in their group?.";"Do you want to permit the group members to change their poll vote in their group?."
"Last Post";"Last Post"
"Yes, group members can change their vote.";"Yes, group members can change their vote."
"No, group members cannot change their vote.";"No, group members cannot change their vote."
"No topics have been posted in this group yet.";"No topics have been posted in this group yet."
"total views";"total views"
"total members";"total members"
"last updated";"last updated"

"Add Friend";"Add Friend"
"Remove Friend";"Remove Friend"
"Remove Member";"Remove Member"
"Approve Request";"Approve Request"
"Reject Request";"Reject Request"
"Cancel Invite";"Cancel Invite"
"Demote Officer";"Demote Officer"
"Make Officer";"Make Officer"

"Previous";"Previous"
"Next";"Next"
"Closed";"Closed"
"view";"view"
"delete";"delete"

"No photos have been uploaded to this group yet.";"No photos have been uploaded to this group yet."
"By";"By"

"View All Photos";"View All Photos"
"Upload Photos";"Upload Photos"

"The image you selected was too large.";"The image you selected was too large."
"Your changes have been saved.";"Your changes have been saved."

"You are now a member of this group.";"You are now a member of this group."
"You have successfully left this group.";"You have successfully left this group."

"Group membership request sent";"Your group membership request has been sent."
"Group membership request cancelled.";"Your group membership request has been cancelled."

"Are you sure you want to leave this group? You will leave all it\'s sub-groups too.";"Are you sure you want to leave this group? You will leave all it\'s sub-groups too."
"Are you sure you want to remove this member from the group? It will remove this member from all it 's sub-groups too.";"Are you sure you want to remove this member from the group? It will remove this member from all it 's sub-groups too."
"Cannot add a non-member as an officer";"Cannot add a non-member as an officer"
"Cannot remove a non-member as an officer";"Cannot remove a non-member as an officer"

"Invalid Data";"Invalid Data"
"Invalid Method";"Invalid Method"

"You have accepted the invite to the group %s";"You have accepted the invite to the group %s"
"You have ignored the invite to the group %s";"You have ignored the invite to the group %s"

"Member Added BlackList";"This member has been successfully added to blacklist."
"Member Removed BlackList";"This member has been successfully removed from blacklist."
"Member Promoted";"This member has been successfully promoted."
"Member Demoted";"This member has been successfully demoted."
"Group member removed.";"This member has been successfully removed from the group."
"Members invited";"The selected members have been successfully invited."
"Group invite canceled.";"This invitation has been successfully canceled for this user."
"Can not invite a member of group";"Can not invite a member of group"

"Invite Member";"Invite Member"
"Are you sure you want to resend a invitation to this member?";"Are you sure you want to resend a invitation to this member?"

"The report will be sent to admin.";"The report will be sent to admin."

"Group request approved";"This member's group request has been approved."
"Member title changed";"This member's title has been successfully changed."

"Changes saved";"Your changes have been saved."
"Photo deleted";"The photo has been successfully deleted."

"Max file size limit exceeded (probably).";"Max file size limit exceeded (probably)."
"Invalid request method";"Invalid request method"
"No file";"No file"
"Invalid Upload";"Invalid Upload"
"An error occurred.";"An error occurred"

"Post deleted.";"The selected post has been deleted."
"This has been closed for posting.";"This topic is closed for posting."
"Topic renamed.";"The selected topic has been successfully renamed."
"Topic deleted.";"The selected topic has been deleted."

"All My Groups";"All My Groups"
"Only Groups I Lead";"Only Groups I Lead"
"Search:";"Search:"
"View:";"View:"

"Accept Group Invitation";"Accept Group Invitation"
"Would you like to join this group?";"Would you like to join this group?"
"Join Group";"Join Group"
"Cancel";"Cancel"

"Approve Group Membership Request";"Approve Group Membership Request"
"Would you like to approve the request for membership in this group?";"Would you like to approve the request for membership in this group?"
"Approve Request";"Approve Request"

"Cancel Group Membership Request";"Cancel Group Membership Request"
"Would you like to cancel your request for membership in this group?";"Would you like to cancel your request for membership in this group?"
"Cancel Request";"Cancel Request"

"Demote Member";"Demote Member"
"Are you sure you want to demote this member from officer?";"Are you sure you want to demote this member from officer?"

"Edit Member Title";"Edit Member Title"
"Enter a special title for this person.";"Enter a special title for this person."
"Title";"Title"
"Save Changes";"Save Changes"

"Join Group";"Join Group"
"Would you like to join this group?";"Would you like to join this group?"

"Leave Group";"Leave Group"
"Are you sure you want to leave this group?";"Are you sure you want to leave this group?"

"Report Group";"Report Group"
"Report wrong activities of group to admin";"Report wrong activities of group to admin"

"(Max 256 characters)";"(Max 256 characters)"
"URL Link";"URL Link"
"Post Useful Link";"Post Useful Link"
"Group Activities";"Group Activities"
"Invite By Email";"Invite By Email"
"Invite All Users";"Invite All Users"
"Invite Friends";"Invite Friends"
"Invitations Management";"Invitations Management"

"Promote Member";"Promote Member"
"Are you sure you want to promote this member to officer?";"Are you sure you want to promote this member to officer?"

"Reject Group Invitation";"Reject Group Invitation"
"Would you like to reject the invitation to this group?";"Would you like to reject the invitation to this group?"
"Reject Invitation";"Reject Invitation"

"Are you sure you want to remove this member from the group?";"Are you sure you want to remove this member from the group?"

"Request Group Membership";"Request Group Membership"
"Would you like to request membership in this group?";"Would you like to request membership in this group?"
"Send Request";"Send Request"

"Delete Group Photo";"Delete Group Photo"
"Are you sure you want to delete this photo?";"Are you sure you want to delete this photo?"
"Delete Photo";"Delete Photo"
"User";"User"
"Invite Selected";"Invite Selected"
"Resend Invite";"Resend Invite"
"Not Reply";"Not Reply"
"Rejected / Ignored";"Rejected / Ignored"
"Not Replied";"Not Replied"

"Cancel Invitation";"Cancel Invitation"
"Would you like to cancel your invitation for member in this group?";"Would you like to cancel your invitation for member in this group?"
"Resend Invitation(s)?";"Resend Invitation(s)?"
"Please select an user to resend invitation.";"Please select an user to resend invitation."
"This group don't have any invitations.";"This group don't have any invitations."
"Are you sure you want to resend %d invitation(s) to  these members?";"Are you sure you want to resend %d invitation(s) to  these members?"

"This group has %s invitation waiting for resend.";"This group has %s invitation waiting for resend.";"This group has %s invitations waiting for resend."

"Edit Photo";"Edit Photo"
"Title";"Title"
"Description";"Description"

"Group Info";"Group Info"
"Edit Group Details";"Edit Group Details"
"Edit Group Style";"Edit Group Style"
"Share Group";"Share Group"
"Add Events";"Add Events"
"No events have been added to this group yet.";"No events have been added to this group yet."

"Add New Photos";"Add New Photos"
"Choose photos on your computer to add to this album. (2MB maximum)";"Choose photos on your computer to add to this album. (2MB maximum)"
"Save Photos";"Save Photos"

"Reply";"Reply"
"Body";"Body"
"Delete Post";"Delete Post"
"Are you sure you want to delete this post?";"Are you sure you want to delete this post?"

"Edit Post";"Edit Post"

"Post Discussion Topic";"Post Discussion Topic"
"Message";"Message"

"Delete Topic";"Delete Topic"
"Are you sure you want to delete this topic?";"Are you sure you want to delete this topic?"

"Rename Topic";"Rename Topic"
"Are you sure you want to delete this group?";"Are you sure you want to delete this group?"

"Group Name";"Group Name"
"Profile Photo";"Profile Photo"
"Category";"Category"

"Include in search results?";"Include in search results?"
"Yes, include in search results.";"Yes, include in search results."
"No, hide from search results.";"No, hide from search results."

"Let members invite others?";"Let members invite others?"
"Yes, members can invite other people.";"Yes, members can invite other people."
"No, only officers can invite other people.";"No, only officers can invite other people."

"Approve members?";"Approve members?"
"When people try to join this group, should they be allowed to join immediately, or should they be forced to wait for approval?";"When people try to join this group, should they be allowed to join immediately, or should they be forced to wait for approval?"
"New members can join immediately.";"New members can join immediately."
"New members must be approved.";"New members must be approved."

"View Privacy";"View Privacy"
"Who may see this group?";"Who may see this group?"
"Everyone";"Everyone"
"Registered Members";"Registered Members"
"Members, Officers, and Owner";"Members, Officers, and Owner"

"Comment Privacy";"Comment Privacy"
"Who may post on this group's wall?";"Who may post on this group's wall?"
"Members, Officers, and Owner";"Members, Officers, and Owner"
"Officers and Owner Only";"Officers and Owner Only"

"Photo Uploads";"Photo Uploads"
"Who may upload photos to this group?";"Who may upload photos to this group?"
"Members, Officers, and Owner Only";"Members, Officers, and Owner Only"
"Officers and Owner Only";"Officers and Owner Only"

"Event Creation";"Event Creation"
"Who may create events for this group?";"Who may create events for this group?"

"Invite Members";"Invite Members"
"Choose the people you want to invite to this group.";"Choose the people you want to invite to this group."
"Members";"Members"
"Choose All";"Choose All"
"Send Invites";"Send Invites"

"Group Styles";"Group Styles"
"Custom Group Styles";"Custom Group Styles"
"You can change the colors, fonts, and styles of your group by adding CSS code below. The contents of the text area below will be output between <style> tags on your group.";"You can change the colors, fonts, and styles of your group by adding CSS code below. The contents of the text area below will be output between <style> tags on your group."

"%1$s has invited you to the group %2$s";"%1$s has invited you to the group %2$s"

"This group has %1$s member.";"This group has %1$s member.";"This group has %1$s members."
"This group has %1$s member that matched the query ""%2$s"".";"This group has %1$s member that matched the query ""%2$s"".";"This group has %1$s members that matched the query ""%2$s""."

"See Waiting";"View invited users and users waiting for approval/rejection"
"View all approved members";"View all approved members"

"This group has %s member waiting approval or waiting for a invite response.";"This group has %s member waiting approval or waiting for a invite response."
"Send me notifications when other members reply to this topic.";"Send me notifications when other members reply to this topic."

"ADMIN_ACTIVITY_TYPE_ADVGROUP_CREATE";"When a user (subject) creates a new club (object)."
"ADMIN_ACTIVITY_TYPE_ADVGROUP_JOIN";"When a user (subject) joins a club (object)."
"ADMIN_ACTIVITY_TYPE_ADVGROUP_PHOTO_UPLOAD";"When a user (subject) uploads a new photo to a club (object)."
"ADMIN_ACTIVITY_TYPE_ADVGROUP_PROMOTE";"When a user (subject) is given officer status in a club (object)."
"ADMIN_ACTIVITY_TYPE_ADVGROUP_TOPIC_CREATE";"When a user (subject) creates a new topic in a club (object)."
"ADMIN_ACTIVITY_TYPE_ADVGROUP_TOPIC_REPLY";"When a user (subject) replies to a topic in a club (object)."
"ADMIN_ACTIVITY_TYPE_ADVGROUP_POLL_NEW";"When a user (subject) creates a new poll in a club (object)."

"_ACTIVITY_ACTIONTYPE_ADVGROUP_CREATE";"New clubs"
"_ACTIVITY_ACTIONTYPE_ADVGROUP_JOIN";"Joining a club"
"_ACTIVITY_ACTIONTYPE_ADVGROUP_PHOTO_UPLOAD";"Uploading a club photo"
"_ACTIVITY_ACTIONTYPE_ADVGROUP_ALBUM_UPLOAD";"Uploading a club album"
"_ACTIVITY_ACTIONTYPE_ADVGROUP_PROMOTE";"Club promotions"
"_ACTIVITY_ACTIONTYPE_ADVGROUP_TOPIC_CREATE";"Creating a club discussion topic"
"_ACTIVITY_ACTIONTYPE_ADVGROUP_TOPIC_REPLY";"Replying to a club discussion topic"
"_ACTIVITY_ACTIONTYPE_ADVGROUP_WIKI_CREATE";"Creating a new wiki page in club"
"_ACTIVITY_ACTIONTYPE_ADVGROUP_WIKI_MOVE";"Moving a wiki page in club"
"_ACTIVITY_ACTIONTYPE_ADVGROUP_WIKI_UPDATE";"Updating a wiki page in club"
"_ACTIVITY_ACTIONTYPE_ADVGROUP_LISTING_CREATE";"Creating a new listing in club"

"ACTIVITY_TYPE_COMMENTED_ADVGROUP";"When someone comments on a club I commented on."
"ACTIVITY_TYPE_COMMENT_ADVGROUP";"When someone comments on one of my clubs."
"ACTIVITY_TYPE_LIKED_ADVGROUP";"When someone comments on a club I liked."
"ACTIVITY_TYPE_LIKE_ADVGROUP";"When someone likes one of my clubs."
"ACTIVITY_TYPE_ADVGROUP_APPROVE";"When someone requests to join a club I created."
"ACTIVITY_TYPE_ADVGROUP_ACCEPTED";"When my request to join a club is approved."
"ACTIVITY_TYPE_ADVGROUP_CREATE";"When a new club is created."
"ACTIVITY_TYPE_ADVGROUP_DISCUSSION_REPLY";"When people reply to discussion topics that I've replied to."
"ACTIVITY_TYPE_ADVGROUP_DISCUSSION_RESPONSE";"When people reply to discussion topics that I create."
"ACTIVITY_TYPE_ADVGROUP_INVITE";"When I'm invited to join a club."
"ACTIVITY_TYPE_ADVGROUP_JOIN";"When a new member joins a club."
"ACTIVITY_TYPE_ADVGROUP_PHOTO_UPLOAD";"When a new photo is uploaded to a club."
"ACTIVITY_TYPE_ADVGROUP_PROMOTE";"When I'm given officer status in a club."
"ACTIVITY_TYPE_ADVGROUP_TOPIC_CREATE";"When a new club topic is created."
"ACTIVITY_TYPE_ADVGROUP_TOPIC_REPLY";"When someone replies to a club topic."
"ACTIVITY_TYPE_ADVGROUP_FOLLOW_EDIT";"When someone edit your following clubs."

"These settings affect all members in your community.";"These settings affect all members in your community."
"GROUP_FORM_ADMIN_LEVEL_DESCRIPTION";"These settings are applied on a per member level basis. Start by selecting the member level you want to modify, then adjust the settings for that level below."

"Allow  to manage Announcements of Groups?";"Allow  to manage Announcements of Groups?"
"Do you want to allow this user level to manage announcements of all groups?";"Do you want to allow this user level to manage announcements of all groups?"
"Yes, allow to manage announcemnents of all groups.";"Yes, allow to manage announcemnents of all groups."
"No, do not allow to manage announcemnents of any groups.";"No, do not allow to manage announcemnents of any groups."

"Allow Create Wiki Pages on Groups?";"Allow Create Wiki Pages on Groups?"
"Do you want to let members of this level create wiki pages on groups?";"Do you want to let members of this level create wiki pages on groups?"
"Yes, allow members to create wiki pages on groups.";"Yes, allow members to create wiki pages on groups."
"No, do not allow members to create wiki pages on groups.";"No, do not allow members to create wiki pages on groups."

"Wiki Page Creation Options";"Wiki Page Creation Options"

"Allow Viewing of Groups?";"Allow Viewing of Groups?"
"GROUP_FORM_ADMIN_LEVEL_VIEW_DESCRIPTION";"Do you want to let users view groups? If set to no, some other settings on this page may not apply."
"No, do not allow groups to be viewed.";"No, do not allow groups to be viewed."
"Yes, allow viewing and subscription of groups.";"Yes, allow viewing and subscription of groups."
"Yes, allow members to view all groups, even private ones.";"Yes, allow members to view all groups, even private ones."

"Allow Creation of Groups?";"Allow Creation of Groups?"
"GROUP_FORM_ADMIN_LEVEL_CREATE_DESCRIPTION";"Do you want to let users create groups? If set to no, some other settings on this page may not apply. This is useful if you want users to be able to view groups and manage their subscriptions, but only want certain levels to be able to create groups."
"No, do not allow groups to be created.";"No, do not allow groups to be created."
"Yes, allow creation of groups.";"Yes, allow creation of groups."

"Allow Editing of Groups?";"Allow Editing of Groups?"
"Do you want to let users edit groups?";"Do you want to let users edit groups?"
"Yes, allow members to edit everyone\'s groups.";"Yes, allow members to edit everyone\'s groups."
"No, do not allow groups to be edited.";"No, do not allow groups to be edited."
"Yes, allow  members to edit their own groups.";"Yes, allow  members to edit their own groups."
"Yes, allow members to edit everyone's groups.";"Yes, allow members to edit everyone's groups."

"Allow Create Sub Groups on Groups?";"Allow Create Sub Groups on Groups?"
"Do you want to let members of this level create sub groups on groups?";"Do you want to let members of this level create sub groups on groups?"
"Yes, allow members to create sub groups on groups.";"Yes, allow members to create sub groups on groups."
"No, do not allow members to create sub groups on groups.";"No, do not allow members to create sub groups on groups."

"Allow Create Videos on Groups?";"Allow Create Videos on Groups?"
"Do you want to let members of this level create videos on groups?";"Do you want to let members of this level create videos on groups?"
"Yes, allow members to create videos on groups.";"Yes, allow members to create videos on groups."
"No, do not allow members to create videos on groups.";"No, do not allow members to create videos on groups."

"Group Privacy";"Group Privacy"
"GROUP_FORM_ADMIN_LEVEL_AUTHVIEW_DESCRIPTION";"Your users can choose from any of the options checked below when they decide who can see their group. If you do not check any options, everyone will be allowed to view groups."

"GROUP_FIELDS_VIEWS_SCRIPTS_ADMINFIELDS_DESCRIPTION";"Your members will be asked to provide some information about their group information when creating a new group. Create some group questions that allow them to describe their group in a way that relates to the theme of your community. To reorder the group questions, click on their names and drag them up or down."

"Group Posting Options";"Group Posting Options"
"GROUP_FORM_ADMIN_LEVEL_AUTHCOMMENT_DESCRIPTION";"Your users can choose from any of the options checked below when they decide who can post to their group discussions. If you do not check any options, everyone will be allowed to post."
"Registered Members";"Registered Members"
"Members, Officers, and Owner";"Members, Officers, and Owner"
"Officers and Owner Only";"Officers and Owner Only"
"Owner Only";"Owner Only"

"Photo Upload Options";"Photo Upload Options"
"GROUP_FORM_ADMIN_LEVEL_AUTHPHOTO_DESCRIPTION";"Your users can choose from any of the options checked below when they decide who can upload photos to their groups. If you do not check any options, all members will be allowed to upload."

"Event Creation Options";"Event Creation Options"
"GROUP_FORM_ADMIN_LEVEL_AUTHEVENT_DESCRIPTION";"Your users can choose from any of the options checked below when they decide who can create events in their groups. If you do not check any options, all members will be allowed to create events."

"Poll Creation Options";"Poll Creation Options"
"GROUP_FORM_ADMIN_LEVEL_AUTHPOLL_DESCRIPTION";"Your users can choose from any of the options checked below when they decide who can create polls in their groups. If you do not check any options, all members will be allowed to create polls."
"My Groups";"My Groups"

"Delete Group?";"Delete Group?"
"Are you sure that you want to delete this group? It will not be recoverable after being deleted.";"Are you sure that you want to delete this group? It will not be recoverable after being deleted."

"Are you sure you want to delete the selected groups?";"Are you sure you want to delete the selected groups?"
"GROUP_VIEWS_SCRIPTS_ADMINMANAGE_INDEX_DESCRIPTION";"This page lists all of the group entries your users have posted. You can use this page to monitor these groups and delete offensive material if necessary. Entering criteria into the filter fields will help you find specific group entries. Leaving the filter fields blank will show all the group entries on your social network."
"GROUP_VIEWS_SCRIPTS_ADMINSETTINGS_CATEGORIES_DESCRIPTION";"If you want to allow your users to categorize their groups, create the categories below. This feature is useful if you want to list all your users' group that If you have no categories, your users will not be given the option of assigning a group category."
"REPORTS_VIEW_GROUPS_ADMINMANAGE_INDEX_DESCRIPTION";"This page lists all of the report entries your users have posted. You can use this page to monitor and moderate activities of groups easily."

"There are currently no categories.";"There are currently no categories."

"Delete Group Category?"
"Are you sure that you want to delete this category? It will not be recoverable after being deleted."

"Search Members";"Search Members"
"owner";"owner"
"officer";"officer"

"Browse Groups";"Browse Groups"
"All Group Members";"All Group Members"

"Groups Plugin";"Groups Plugin"
"Manage Groups";"Manage Groups"
"Allow Deletion of Groups?";"Allow Deletion of Groups?"
"Do you want to let members delete groups? If set to no, some other settings on this page may not apply.";"Do you want to let members delete groups? If set to no, some other settings on this page may not apply."
"Yes, allow members to delete their own groups.";"Yes, allow members to delete their own groups."
"No, do not allow members to delete their groups.";"No, do not allow members to delete their groups."
"Allow Commenting on Groups?";"Allow Commenting on Groups?"
"Do you want to let members of this level comment on groups?";"Do you want to let members of this level comment on groups?"
"Yes, allow members to comment on groups.";"Yes, allow members to comment on groups."
"No, do not allow members to comment on groups.";"No, do not allow members to comment on groups."

"Group Profile Discussions";"Group Profile Discussions"
"Group Profile Events";"Group Profile Events"
"Group Profile Info";"Group Profile Info"
"Group Profile Members";"Group Profile Members"
"Group Profile Options";"Group Profile Options"
"Group Profile Photo";"Group Profile Photo"
"Group Profile Photos";"Group Profile Photos"
"Group Profile Status";"Group Profile Status"
"Profile Groups";"Profile Groups"

"Compose Message";"Compose Message"
"Sent Messages";"Sent Messages"
"Inbox";"Inbox"
"Send To";"Send To"
"Subject";"Subject"
"Add Link";"Add Link"
"Add Video";"Add Video"
"Sent Message";"Sent Message"


# categories
"Animals";"Animals"
"Business & Finance";"Business & Finance"
"Computers & Internet";"Computers & Internet"
"Cultures & Community";"Cultures & Community"
"Dating & Relationships";"Dating & Relationships"
"Entertainment & Arts";"Entertainment & Arts"
"Family & Home";"Family & Home"
"Games";"Games"
"Government & Politics";"Government & Politics"
"Health & Wellness";"Health & Wellness"
"Hobbies & Crafts";"Hobbies & Crafts"
"Music";"Music"
"Recreation & Sports";"Recreation & Sports"
"Regional";"Regional"
"Religion & Beliefs";"Religion & Beliefs"
"Schools & Education";"Schools & Education"
"Science";"Science"


# item types
"ITEM_TYPE_ADVGROUP_GROUP";"Groups"
"ITEM_TYPE_ADVGROUP_ALBUM";"Group Albums"
"ITEM_TYPE_ADVGROUP_LINK";"Group Useful Links"
"ITEM_TYPE_ADVGROUP_ANNOUNCEMENT";"Group Announcements"
"ITEM_TYPE_ADVGROUP_PHOTO";"Group Photos"
"ITEM_TYPE_ADVGROUP_TOPIC";"Group Discussion Topic"
"ITEM_TYPE_ADVGROUP_POST";"Group Discussion Post"
"ITEM_TYPE_ADVGROUP_POLL";"Group Polls"


# action types
"{item:$subject} created a new group:";"{item:$subject} created a new group:"
"{item:$subject} joined the group {item:$object}";"{item:$subject} joined the group {item:$object}"
"{item:$subject} added {var:$count} photo(s).";"{item:$subject} added {var:$count} photo(s)."
"{item:$subject} has been made an officer for the group {item:$object}";"{item:$subject} has been made an officer for the group {item:$object}"
"{item:$subject} posted a {item:$object:topic} in the group {itemParent:$object:group}: {body:$body}";"{item:$subject} posted a {item:$object:topic} in the group {itemParent:$object:group}: {body:$body}"
"{item:$subject} replied to a {item:$object:topic} in the group {itemParent:$object:group}: {body:$body}";"{item:$subject} replied to a {item:$object:topic} in the group {itemParent:$object:group}: {body:$body}"
"{item:$subject} has became the owner of the group {item:$object}";"{item:$subject} has became the owner of the group {item:$object}"
"{item:$subject} posted a new topic:";"{item:$subject} posted a new topic:"
"{item:$subject} replied to the topic {body:$body}";"{item:$subject} replied to the topic {body:$body}"
"{item:$subject} created a new poll:";"{item:$subject} created a new poll:"
"{item:$subject} created a new sub-group:";"{item:$subject} created a new sub-group:"
"{item:$subject} posted a new video:";"{item:$subject} posted a new video:"

# notification types
"{item:$subject} has {item:$object:posted} on a {itemParent:$object::group topic} you created.";"{item:$subject} has {item:$object:posted} on a {itemParent:$object::group topic} you created."
"{item:$subject} has {item:$object:posted} on a {itemParent:$object::group topic} you posted on.";"{item:$subject} has {item:$object:posted} on a {itemParent:$object::group topic} you posted on."
"{item:$subject} has invited you to the group {item:$object}.";"{item:$subject} has invited you to the group {item:$object}."
"{item:$subject} has requested to join the group {item:$object}.";"{item:$subject} has requested to join the group {item:$object}."
"Your request to join the group {item:$subject} has been approved.";"Your request to join the group {item:$subject} has been approved."
"You were promoted to officer in the group {item:$object}.";"You were promoted to officer in the group {item:$object}."
"You were set to become the owner of the group {item:$object}.";"You were set to become the owner of the group {item:$object}."
"{item:$subject} commented on {item:$owner}''s {item:$object:advgroup_poll}.";"{item:$subject} commented on {item:$owner}''s {item:$object:advgroup_poll}."
"{item:$subject} liked {item:$owner}''s {item:$object:advgroup_poll}.";"{item:$subject} liked {item:$owner}''s {item:$object:advgroup_poll}."
"The group {item:$subject} invitation has been cancel, please contact group owner for more information.";"The group {item:$subject} invitation has been cancel, please contact group owner for more information."

# mail templates

# notify_advgroup_accepted
"_EMAIL_NOTIFY_ADVGROUP_ACCEPTED_TITLE";"Group Approved"
"_EMAIL_NOTIFY_ADVGROUP_ACCEPTED_DESCRIPTION";"This email is sent to the member when they are approved to join a group."
"_EMAIL_NOTIFY_ADVGROUP_ACCEPTED_SUBJECT";"You have been approved to join the group [object_title]"
"_EMAIL_NOTIFY_ADVGROUP_ACCEPTED_BODY";"[header]

You have been approved to join the group ""[object_title]"". Please click the following link to view it:

http://[host][object_link]

[footer]"

# notify_advgroup_approve
"_EMAIL_NOTIFY_ADVGROUP_APPROVE_TITLE";"Group Request"
"_EMAIL_NOTIFY_ADVGROUP_APPROVE_DESCRIPTION";"This email is sent to the member when someone requests to join their group."
"_EMAIL_NOTIFY_ADVGROUP_APPROVE_SUBJECT";"[sender_title] has requested to join the group [object_title]"
"_EMAIL_NOTIFY_ADVGROUP_APPROVE_BODY";"[header]

[sender_title] has requested to join the group ""[object_title]"". Please click the following link to view it:

http://[host][object_link]

[footer]"

# notify_advgroup_discussion_reply
"_EMAIL_NOTIFY_ADVGROUP_DISCUSSION_REPLY_TITLE";"Group Discussion Reply"
"_EMAIL_NOTIFY_ADVGROUP_DISCUSSION_REPLY_DESCRIPTION";"This email is sent to the member when people reply to discussion topics that the member created."
"_EMAIL_NOTIFY_ADVGROUP_DISCUSSION_REPLY_SUBJECT";"A member has posted a reply to your topic ""[object_title]"" in the group ""[object_parent_title]"""
"_EMAIL_NOTIFY_ADVGROUP_DISCUSSION_REPLY_BODY";"[header]

[sender_title] has posted a reply to your topic ""[object_title]"" in the group ""[object_parent_title]"":

""[message]""

Please click the following link to view it:

http://[host][object_link]

[footer]"

# notify_advgroup_discussion_response
"_EMAIL_NOTIFY_ADVGROUP_DISCUSSION_RESPONSE_TITLE";"Group Discussion Response"
"_EMAIL_NOTIFY_ADVGROUP_DISCUSSION_RESPONSE_DESCRIPTION";"This email is sent to the member when people reply to discussion topics that the member replied to."
"_EMAIL_NOTIFY_ADVGROUP_DISCUSSION_RESPONSE_SUBJECT";"A member has posted a reply to the topic ""[object_title]"" you replied to in the group ""[object_parent_title]"""
"_EMAIL_NOTIFY_ADVGROUP_DISCUSSION_RESPONSE_BODY";"[header]

[sender_title] has posted a reply to the topic ""[object_title]"" you replied to in the group ""[object_parent_title]"":

""[message]""

Please click the following link to view it:

http://[host][object_link]

[footer]"

# notify_advgroup_invite
"_EMAIL_NOTIFY_ADVGROUP_INVITE_TITLE";"Group Invitation"
"_EMAIL_NOTIFY_ADVGROUP_INVITE_DESCRIPTION";"This email is sent to the member when they are invited to a group."
"_EMAIL_NOTIFY_ADVGROUP_INVITE_SUBJECT";"You have been invited to join the group [object_title]"
"_EMAIL_NOTIFY_ADVGROUP_INVITE_BODY";"[header]

You have been invited to join the group ""[object_title]"". Please click the following link to view it:

http://[host][object_link]

[footer]"

# notify_advgroup_promote
"_EMAIL_NOTIFY_ADVGROUP_PROMOTE_TITLE";"Group Promotion"
"_EMAIL_NOTIFY_ADVGROUP_PROMOTE_DESCRIPTION";"This email is sent when a member is promoted to officer in a group."
"_EMAIL_NOTIFY_ADVGROUP_PROMOTE_SUBJECT";"You have been promoted to officer in the group [object_title]"
"_EMAIL_NOTIFY_ADVGROUP_PROMOTE_BODY";"[header]

You have been promoted to officer in the group ""[object_title]"". Please click the following link to view it:

http://[host][object_link]

[footer]"

# notify_advgroup_invite_nonmembers
"_EMAIL_NOTIFY_ADVGROUP_INVITE_NONMEMBERS_TITLE";"Group Invitation Non-Members"
"_EMAIL_NOTIFY_ADVGROUP_INVITE_NONMEMBERS_DESCRIPTION";"This is the email that gets sent when members invite their friends to join during the signup process."
"_EMAIL_NOTIFY_ADVGROUP_INVITE_NONMEMBERS_SUBJECT";"You have received an invitation to join our social network and the group [group_title]!"
"_EMAIL_NOTIFY_ADVGROUP_INVITE_NONMEMBERS_BODY";"[header]

""[message]""

To join, please follow the link below:

http://[host][object_link]

[footer]"

# notify_advgroup_cancel_invite
"_EMAIL_NOTIFY_ADVGROUP_CANCEL_INVITE_TITLE";"Cancel Club Invitation"
"_EMAIL_NOTIFY_ADVGROUP_CANCEL_INVITE_DESCRIPTION";"This is the email that gets sent when members cancel the group owner invitation to join group."
"_EMAIL_NOTIFY_ADVGROUP_CANCEL_INVITE_SUBJECT";"You have received a cancel invitation to join our social network and the group [group_title]!"
"_EMAIL_NOTIFY_ADVGROUP_CANCEL_INVITE_BODY";"[header]

You have received a cancel invitation to join our social network and the group [group_title]

To view the group, please follow the link below:

http://[host][object_link]

[footer]"

"All categories";"All categories"
"Everyone's Groups";"Everyone's Groups"
"Only My Friends' Groups";"Only My Friends' Groups"
"list by";"list by"
"Recently created";"Recently created"

"Message Members";"Message Members"

"The changes to your post have been saved.";"The changes to your post have been saved."

"You have not joined any groups yet.";"You have not joined any groups yet."
"There are no groups yet.";"There are no groups yet."
"Why don't you %1$screate one%2$s?";"Why don't you %1$screate one%2$s?"

"Group doesn't exists or not authorized to delete";"Group doesn't exists or not authorized to delete"
"The selected group has been deleted.";"The selected group has been deleted."

"Watch Topic";"Watch Topic"
"Stop Watching Topic";"Stop Watching Topic"

"Manage Announcements";"Manage Announcements"
"ANNOUNCEMENT_VIEW_SCRIPTS_ADMINMANAGE_DESCRIPTION";"Announcements are a great way to keep your members engaged in the community. Announcements appear inside the ""Announcement Widget"", which you can place anywhere on your site. By default, this widget appears at the top of the member homepage - this way, members see your announcements right when they sign in. You can move this widget elsewhere or change its settings in the <a href='%s'>Layout Editor</a>."
"There are currently no announcements.";"There are currently no announcements."
"Post New Announcement";"Post New Announcement"
"Please compose your new announcement below.";"Please compose your new announcement below."
"Post Announcement";"Post Announcement"
"Edit Announcement";"Edit Announcement"
"Posted by %1$s %2$s";"Posted by %1$s %2$s"
"Please modifiy your announcement below.";"Please modifiy your announcement below."
" or ";" or "
"Delete Announcement?";"Delete Announcement?"
"Are you sure that you want to delete this announcement? It will not be recoverable after being deleted.";"Are you sure that you want to delete this announcement? It will not be recoverable after being deleted."
"edit";"edit"
"Title";"Title"
"Author";"Author"
"ID";"ID"
"%d announcements total";"%d announcements total"
"Are you sure that you want to delete the %d announcements? It will not be recoverable after being deleted.";"Are you sure that you want to delete the %d announcements? It will not be recoverable after being deleted."
"Delete the selected announcements?";"Delete the selected announcements?"
"Please select an announcement to delete.";"Please select an announcement to delete."

"before joining this group.";"before joining this group."
"You must join the parent group";"You must join the parent group"
"Newest Groups";"Newest Groups"
"Popular Groups";"Popular Groups"
"Active Groups";"Active Groups"
"Featured Groups";"Featured Groups"
"Recently Created";"Recently Created"
"Most Popular";"Most Popular"
"Most Active";"Most Active"
"Most Active Groups";"Most Active Groups"
"Statistics";"Statistics"
"Total Groups";"Total Groups"
"Total Albums";"Total Albums"
"Total Photos";"Total Photos"
"Total Topics";"Total Topics"
"Comment Privacy";"Comment Privacy"
"Photo - Album Creation";"Photo - Album Creation"
"Everyone";"Everyone"
"Poll Creation";"Poll Creation"
"Sub Group Creation";"Sub Group Creation"
"cancel";"cancel"
"Save Changes";"Save Changes"
"Create Sub Group";"Create Sub Group"
"Invite New Guests";"Invite New Guests"
"Group Albums";"Group Albums"
"Group Discussions";"Group Discussions"
"Group Polls";"Group Polls"
"Group Useful Links";"Group Useful Links"
"Sub Groups";"Sub Groups"
"Parent Groups";"Parent Groups"
"Total Views";"Total Views"
"Total Members";"Total Members"
"Suggested Poll";"Suggested Poll"
"Recent Albums";"Recent Albums"
"Top Posters";"Top Posters"
"Staff List";"Staff List"
"Basic Information";"Basic Information"
"Create Album";"Create Album"
"Search Albums";"Search Albums"
"All Members Albums";"All Members Albums"
"Only My Albums";"Only My Albums"
"Browse By";"Browse By"
"Most Recent";"Most Recent"
"Most Viewed";"Most Viewed"
"Most Commented";"Most Commented"
"By";"By"
"Search Topics";"Search Topics"
"Status";"Status"
"All Topics";"All Topics"
"Only Open Topics";"Only Open Topics"
"Only Closed Topics";"Only Closed Topics"
"All Members Topics";"All Members Topics"
"Only My Topics";"Only My Topics"
"Most Replied";"Most Replied"
"My Polls";"My Polls"
"Create New Poll";"Create New Poll"
"Search Polls";"Search Polls"
"All Polls";"All Polls"
"Only Open Polls";"Only Open Polls"
"Only Closed Polls";"Only Closed Polls"
"Back";"Back"
"Edit Poll";"Edit Poll"
"Close Poll";"Close Poll"
"Delete Poll";"Delete Poll"
"Show Results";"Show Results"
"Share";"Share"
"Report";"Report"
"Add New Link";"Add New Link"
"Add Question";"Add Question"
"Manage Useful Links";"Manage Useful Links"
"Global Settings";"Global Settings"
"Member Level Settings";"Member Level Settings"
"Member Level";"Member Level"
"Allow Viewing of Groups";"Allow Viewing of Groups"
"Categories";"Categories"
"Profile Fields";"Profile Fields"
"Manage Reports";"Manage Reports"
"Title";"Title"
"Group Title";"Group Title"
"Topic Title";"Topic Title"
"Post ID";"Post ID"
"Reporter";"Reporter"
"Owner";"Owner"
"Filter By";"Filter By"
"Only Featured Groups";"Only Featured Groups"
"Only Not Featured Groups";"Only Not Featured Groups"
"Only Sub Groups";"Only Sub Groups"
"Only Parent Groups";"Only Parent Groups"
"Featured";"Featured"
"Is Sub-group";"Is Sub-group"
"Views";"Views"
"Date";"Date"
"Options";"Options"
"Yes, allow members to upload photo on groups.";"Yes, allow members to upload photo on groups."
"Allow Upload Photo on Groups?";"Allow Upload Photo on Groups?"
"Do you want to let members of this level upload photo on groups?";"Do you want to let members of this level upload photo on groups?"
"No, do not allow members to upload photo on groups.";"No, do not allow members to upload photo on groups."
"Number of Photos per Album";"Number of Photos per Album"
"How many Photos that a user can upload in an album? (Enter a number between 0 and 999, 0 means unlimited)";"How many Photos that a user can upload in an album? (Enter a number between 0 and 999, 0 means unlimited)"
"Allow Create Photo Albums on Groups?";"Allow Create Photo Albums on Groups?"
"Do you want to let members of this level create photo albums on groups?";"Do you want to let members of this level create photo albums on groups?"
"Yes, allow members to create photo albums on groups.";"Yes, allow members to create photo albums on groups."
"No, do not allow members to create photo albums on groups.";"No, do not allow members to create photo albums on groups."
"Number of Albums per Group";"Number of Albums per Group"
"How many Albums that a user can create in a group? (Enter a number between 0 and 999, 0 means unlimited)";"How many Albums that a user can create in a group? (Enter a number between 0 and 999, 0 means unlimited)"
"Allow Create Polls on Groups?";"Allow Create Polls on Groups?"
"Do you want to let members of this level create polls on groups?";"Do you want to let members of this level create polls on groups?"
"Yes, allow members to create polls on groups.";"Yes, allow members to create polls on groups."
"No, do not allow members to create polls on groups.";"No, do not allow members to create polls on groups."
"Members Only";"Members Only"
"All Members";"All Members"
"Allow Group Style";"Allow Group Style"
"Yes, allow custom group styles.";"Yes, allow custom group styles."
"No, do not allow custom group styles.";"No, do not allow custom group styles."
"Number of Sub Groups per Group";"Number of Sub Groups per Group"
"How many sub groups that an user can create in a group? (Enter a number between 1 and 10)";"How many sub groups that an user can create in a group? (Enter a number between 1 and 10)"
"Manage Announcement";"Manage Announcement"
"Request Membership";"Request Membership"
"Transfer Owner";"Transfer Owner"
"Add New Category";"Add New Category"
"Group Categories";"Group Categories"
"Category Name";"Category Name"
"Options";"Options"
"Add Sub Category";"Add Sub Category"
"Are you sure you want to leave this group? You will leave all it's sub-groups too.";"Are you sure you want to leave this group? You will leave all it's sub-groups too."
"Group Videos";"Group Videos"
"Search Videos";"Search Videos"
"There is no video found.";"There is no video found."
"Search Videos";"Search Videos"
"Member";"Member"
"Video Creation";"Video Creation"
"Who may create videos for this group?";"Who may create videos for this group?"
"GROUP_FORM_ADMIN_LEVEL_AUTHVIDEO_DESCRIPTION";"Your users can choose from any of the options checked below when they decide who can create videos in their groups. If you do not check any options, all members will be allowed to create videos."
"GROUP_FORM_ADMIN_LEVEL_AUTHSUBGROUP_DESCRIPTION";"Your users can choose from any of the options checked below when they decide who can create sub groups in their groups. If you do not check any options, all members will be allowed to create sub groups."
"GROUP_FORM_ADMIN_LEVEL_AUTHWIKI_DESCRIPTION";"Your users can choose from any of the options checked below when they decide who can create wiki pages in their groups. If you do not check any options, all members will be allowed to create wiki pages."
"GROUP_FORM_ADMIN_LEVEL_AUTHMUSIC_DESCRIPTION";"Your users can choose from any of the options checked below when they decide who can create music pages in their groups. If you do not check any options, all members will be allowed to create music pages."
"GROUP_FORM_ADMIN_LEVEL_AUTHFILE_DESCRIPTION";"Your users can choose from any of the options checked below when they decide who can create file pages in their groups. If you do not check any options, all members will be allowed to create file pages."
"GROUP_FORM_ADMIN_LEVEL_AUTHUPLOAD_DESCRIPTION";"Your users can choose from any of the options checked below when they decide who can upload in their groups. If you do not check any options, all members will be allowed to upload."
"GROUP_FORM_ADMIN_LEVEL_AUTHDOWNLOAD_DESCRIPTION";"Your users can choose from any of the options checked below when they decide who can download in their groups. If you do not check any options, all members will be allowed to download."
"GROUP_FORM_ADMIN_LEVEL_AUTHLISTING_DESCRIPTION";"Your users can choose from any of the options checked below when they decide who can create listing pages in their groups. If you do not check any options, all members will be allowed to create listing pages."
"Sub Group Creation Options";"Sub Group Creation Options"
"Video Creation Options";"Video Creation Options"
"_ACTIVITY_ACTIONTYPE_ADVGROUP_POLL_NEW";"Creating a club poll"
"_ACTIVITY_ACTIONTYPE_ADVGROUP_SUB_CREATE";"Creating a sub club"
"_ACTIVITY_ACTIONTYPE_ADVGROUP_TRANSFER";"Transferring club owner to other member"
"_ACTIVITY_ACTIONTYPE_ADVGROUP_VIDEO_CREATE";"Creating a club video"
"ACTIVITY_TYPE_ADVGROUP_POLL_COMMENT";"When someone comment on a poll that I create."
"ACTIVITY_TYPE_ADVGROUP_POLL_LIKE";"When someone like a poll that I create."
"ACTIVITY_TYPE_ADVGROUP_TRANSFER";"When someone transfer owner of a club to me."
"ACTIVITY_TYPE_ADVGROUP_CANCEL_INVITE";"When someone cancel the club invitation"
"No Replied";"No Replied"
"Latest";"Latest"
"Latest Replied";"Latest Replied"
"ADMIN_ACTIVITY_TYPE_ADVGROUP_SUB_CREATE";"When a user (subject) create a new sub group"
"ADMIN_ACTIVITY_TYPE_ADVGROUP_TRANSFER";"When a user (subject) transfer the group owner to another user (object)"
"ADMIN_ACTIVITY_TYPE_ADVGROUP_VIDEO_CREATE";"When a user (subject) create a new group video"
"Allow Create Wiki Pages on Groups?";"Allow Create Wiki Pages on Groups?"
"Do you want to let members of this level create wiki pages on groups?";"Do you want to let members of this level create wiki pages on groups?"
"Yes, allow members to create wiki pages on groups.";"Yes, allow members to create wiki pages on groups."
"No, do not allow members to create wiki pages on groups.";"No, do not allow members to create wiki pages on groups."
"Wiki Page Creation Options";"Wiki Page Creation Options"
"Wiki Page Creation";"Wiki Page Creation"
"'Who may create videos for this group?";"'Who may create videos for this group?"
"There is no featured group yet.";"There is no featured group yet."
"ADMIN_ACTIVITY_TYPE_ADVGROUP_WIKI_CREATE";"When a user (subject) creates a new group wiki page (object)."
"ADMIN_ACTIVITY_TYPE_ADVGROUP_WIKI_MOVE";"When a user (subject) moves a group wiki page (object)."
"ADMIN_ACTIVITY_TYPE_ADVGROUP_WIKI_UPDATE";"When a user (subject) updates a group wiki page (object)."

"Leader";"Leader"
"Report Topic";"Report Topic"
"Create New Album";"Create New Album"
"Create a %1$snew one%2$s";""Create a %1$snew one%2$s"
"No albums have been uploaded.";"No albums have been uploaded."
"There is no contact in your address book";"There is no contact in your address book"
"Invitation Sent";"Invitation Sent";"Invitations Sent";
"Who may create polls for this group?";"Who may create polls for this group?"
"Who may create sub group for this group?";"Who may create sub group for this group?"
"Who may create wiki pages for this group?";"Who may create wiki pages for this group?"
"Are you sure you want to delete this group? All it's sub-group will also be deleted too and cannot be undone.";"Are you sure you want to delete this group? All it's sub-group will also be deleted too and cannot be undone."
"Please choose a member you want to transfer the owner role to:";"Please choose a member you want to transfer the owner role to:"
"Group Owner Transfer";"Group Owner Transfer"
"(filter the search box and press Enter to search)";"(filter the search box and press Enter to search)"
"Create a new one %1$shere%2$s";"Create a new one %1$shere%2$s"
"%s post";"%s post";"%s posts"
"Last Replied";"Last Replied"
"&#187; Manage Useful Links";"&#187; Manage Useful Links"

"Activities updated.";"Activities updated."
"group_activity_post";"Club activities"
"group_activity_advgroup_create";"Group creation."
"group_activity_advgroup_join";"Join of members in the club."
"group_activity_advgroup_promote";"Promotion of members in the club."
"group_activity_advgroup_topic_create";"Topic creation in the club."
"group_activity_advgroup_topic_reply";"Topic replies in the club."
"group_activity_advgroup_photo_upload";"Photo Upload in the club."
"group_activity_advgroup_poll_new";"Poll creation in the club."
"group_activity_advgroup_sub_create";"Sub-group creation."
"group_activity_advgroup_transfer";"Owner Transfering in club."
"group_activity_advgroup_video_create";"Video creation in club."
"There are no public group actitivies yet.";"There are no public club actitivies yet."
"group_activity_advgroup_video_create";"Video creation in club."
"group_activity_advgroup_wiki_create";"Wiki page creation in club."
"group_activity_advgroup_wiki_move";"Wiki page moving in club."
"group_activity_advgroup_wiki_update";"Wiki page updates in club."
"_ACTIVITY_ACTIONTYPE_ADVGROUP_LINK_NEW";"Add new link in club"
"_ACTIVITY_ACTIONTYPE_ADVGROUP_EVENT_CREATE";"Add new event in club"
"{item:$subject} created a new event: {body:$body}";"{item:$subject} created a new event: {body:$body}"
"Groups Directories";"Groups Directories"
"Search Groups:";"Search Groups:"
"Search groups";"Search groups"
"Category:";"Category:"
"Radius (mile)..";"Radius (mile).."
"Music Creation";"Music Creation"
"Folder Creation";"Folder Creation"
"File Uploading";"File Uploading"
"File Downloading";"File Downloading"
"Listing Creation";"Listing Creation"
"Who may create music albums for this group?";"Who may create music albums for this group?"
"Who may create listings for this group?";"Who may create listings for this group?"
"Who may create folder for this group?";"Who may create folder for this group?"
"Who may upload file on this group?";"Who may upload file on this group?"
"Who may download file from this group?";"Who may download file from this group?"
"Cover Photo";"Cover Photo"
"Group Officer:";"Group Officer:"
"Basic Information:";"Basic Information:"
"Create New Video";"Create New Video"
"Add Sponsor";"Add Sponsor"
"Create a new folder";"Create a new folder"
"Events";"Events"
"Albums";"Albums"
"Polls";"Polls"
"Videos";"Videos"
"Useful Links";"Useful Links"
"Musics";"Musics"
"Mp3Musics";"Mp3Musics"
"Sponsors";"Sponsors"
"FileSharing";"FileSharing"
"Select all";"Select all"
"Please choose action...";"Please choose action..."
"Remove From Blacklist";"Remove From Blacklist"
"Add To Blacklist";"Add To Blacklist"
"Add To Subgroup";"Add To Subgroup"
"Submit";"Submit"
"Users in BlackList";"Users in BlackList"
"Cancel Membership Request";"Cancel Membership Request"
"Add members to sub-group";"Add members to sub-group"
"Please select a sub-group";"Please select a sub-group"
"Add";"Add"
"inviting";"inviting"
"waiting";"waiting"
"ignored";"ignored"
"There are no polls yet.";"There are no polls yet."
"No videos have been added in this group yet.";"No videos have been added in this group yet."
"No albums music have been uploaded.";"No albums music have been uploaded."
"No sponsors have been added in this group yet.";"No sponsors have been added in this group yet."
"There is no folders and files.";"There is no folders and files."
"No sponsors have been added in this group yet.";"No sponsors have been added in this group yet."
"There is no folders and files. Please <a href=""%s"">create</a> one!";"There is no folders and files. Please <a href=""%s"">create</a> one!"
"My Videos";"My Videos"
"Highest Rated";"Highest Rated"
"Most Liked";"Most Liked"
"You do not have any pages.";"You do not have any pages."
"Create New Space";"Create New Space"
"Page Name";"Page Name"
"Page Creator";"Page Creator"
"Search";"Search"
"Search albums";"Search albums"
"There is no event found.";"There is no event found."
"My Events";"My Events"
"Create New Event";"Create New Event"
"Search events";"Search events"
"Search videos";"Search videos"
"Activities";"Activities"
"Add Photo";"Add Photo"
"Add Mp3 Music";"Add Mp3 Music"
"Add Music";"Add Music"
"Post New Announcement";"Post New Announcement"
"Title";"Title"
"%s year ago";"%s year ago";"%s years ago"
"%s month ago";"%s month ago";"%s months ago"
"%s day ago";"%s day ago";"%s days ago"
"Active ";"Active "
"Active today";"Active today"
"Search folder";"Search folder"
"Announcement";"Announcement"
"location";"location"
"Active";"Active"
"Edit Group Details";"Edit Group Details"
"Edit Group Style";"Edit Group Style"
"Delete Group";"Delete Group"
"Create Sub Group";"Create Sub Group"
"Transfer Owner";"Transfer Owner"
"Message Members";"Message Members"
"Invite Member";"Invite Member"
"Invite by email";"Invite by email"
"Invitations Management";"Invitations Management"
"Group Albums";"Group Albums"
"Group Discussions";"Group Discussions"
"Group Polls";"Group Polls"
"Group Videos";"Group Videos"
"Group Useful Links";"Group Useful Links"
"Group Activities";"Group Activities"
"Group Musics";"Group Musics"
"Group Mp3 Musics";"Group Mp3 Musics"
"Group File Sharing";"Group File Sharing"
"Group Wikis";"Group Wikis"
"Recent Videos";"Recent Videos"
"Most Active Members";"Most Active Members"
"May-like Groups";"May-like Groups"
"View all Listings";"View all Listings"
"Create New Listing";"Create New Listing"
"View more ";"View more "
"No listings have been created.";"No listings have been created."
"listing_count";"Listing";"Listings"
"Edit Listing";"Edit Listing"
"Delete Listing";"Delete Listing"
"Publish Listing";"Publish Listing"
"Remove Listing To Group";"Remove Listing To Group"
"Album Music has been deleted";"Album Music has been deleted"
"Listing has been removed";"Listing has been removed"

# advgroup_email_to_friends
"_EMAIL_ADVGROUP_EMAIL_TO_FRIENDS_TITLE";"Followers Notification"
"_EMAIL_ADVGROUP_EMAIL_TO_FRIENDS_DESCRIPTION";"This is the email that gets sent when user wants to send message to followers."
"_EMAIL_ADVGROUP_EMAIL_TO_FRIENDS_SUBJECT";"You have received an notification of the following club [object_title]!"
"_EMAIL_ADVGROUP_EMAIL_TO_FRIENDS_BODY";"[header]

[message]

Check out this club
<img src='http://[host][object_photo]' />[object_description]
http://[host][object_link]

[footer]"

# notify_advgroup_follow_edit
"_EMAIL_NOTIFY_ADVGROUP_FOLLOW_EDIT_TITLE";"Following Club Edit"
"_EMAIL_NOTIFY_ADVGROUP_FOLLOW_EDIT_DESCRIPTION";"This email is sent to the followers of clubs."
"_EMAIL_NOTIFY_ADVGROUP_FOLLOW_EDIT_SUBJECT";"The club information [object_title] has been edited"
"_EMAIL_NOTIFY_ADVGROUP_FOLLOW_EDIT_BODY";"[header]

The club information ""[object_title]"" has been edited . Please click the following link to view it:

http://[host][object_link]

[footer]"

"GROUP_VIEWS_SCRIPTS_ADMINREQUEST_DESCRIPTION";"This page lists all the verification requests of club owners."
"ADVGROUP_FORM_REQUEST_DESCRIPTION";"Please type your verification request message to Admin."



# notify_advgroup_group_verified
"_EMAIL_NOTIFY_ADVGROUP_GROUP_VERIFIED_TITLE";"Group Verification"
"_EMAIL_NOTIFY_ADVGROUP_GROUP_VERIFIED_DESCRIPTION";"This email is sent to group owner."
"_EMAIL_NOTIFY_ADVGROUP_GROUP_VERIFIED_SUBJECT";"Group Verification"
"_EMAIL_NOTIFY_ADVGROUP_GROUP_VERIFIED_BODY";"
Your group [object_title] has been verified. 

Click on the following link for more details:

http://[host][object_link]

[footer]"

# notify_advgroup_group_unverified
"_EMAIL_NOTIFY_ADVGROUP_GROUP_UNVERIFIED_TITLE";"Club Un-Verification"
"_EMAIL_NOTIFY_ADVGROUP_GROUP_UNVERIFIED_DESCRIPTION";"This email is sent to club owner."
"_EMAIL_NOTIFY_ADVGROUP_GROUP_UNVERIFIED_SUBJECT";"Club Un-Verification"
"_EMAIL_NOTIFY_ADVGROUP_GROUP_UNVERIFIED_BODY";"
Your club [object_title] has been un-verified. 

Click on the following link for more details:

http://[host][object_link]

[footer]"

# notify_advgroup_request_accepted
"_EMAIL_NOTIFY_ADVGROUP_REQUEST_ACCEPTED_TITLE";"Club Verification Request Accepted"
"_EMAIL_NOTIFY_ADVGROUP_REQUEST_ACCEPTED_DESCRIPTION";"This email is sent to club owner."
"_EMAIL_NOTIFY_ADVGROUP_REQUEST_ACCEPTED_SUBJECT";"Club Verification Request Accepted"
"_EMAIL_NOTIFY_ADVGROUP_REQUEST_ACCEPTED_BODY";"
Your verification request for club [object_title] has been accepted. 

Click on the following link for more details:

http://[host][object_link]

[footer]"

# notify_advgroup_request_denied
"_EMAIL_NOTIFY_ADVGROUP_REQUEST_DENIED_TITLE";"Club Verification Request Denied"
"_EMAIL_NOTIFY_ADVGROUP_REQUEST_DENIED_DESCRIPTION";"This email is sent to club owner."
"_EMAIL_NOTIFY_ADVGROUP_REQUEST_DENIED_SUBJECT";"Club Verification Request Denied"
"_EMAIL_NOTIFY_ADVGROUP_REQUEST_DENIED_BODY";"
Your verification request for club [object_title] has been denied. 

Click on the following link for more details:

http://[host][object_link]

[footer]"


# notify_advgroup_request_denied
"_EMAIL_NOTIFY_ADVGROUP_REQUEST_SENT_TITLE";"Club Verification Request Sent"
"_EMAIL_NOTIFY_ADVGROUP_REQUEST_SENT_DESCRIPTION";"This email is sent to club owner."
"_EMAIL_NOTIFY_ADVGROUP_REQUEST_SENT_SUBJECT";"Club Verification Request Sent"
"_EMAIL_NOTIFY_ADVGROUP_REQUEST_SENT_BODY";"
Your verification request for club [object_title] has been sent to admin. 

Click on the following link for more details:

http://[host][object_link]

[footer]"
